<?xml version="1.0" encoding="UTF-8"?>

<beans xmlns="http://www.springframework.org/schema/beans"
	xmlns:xsi="http://www.w3.org/2001/XMLSchema-instance"
	xmlns:context="http://www.springframework.org/schema/context"
	xmlns:mvc="http://www.springframework.org/schema/mvc"
	xsi:schemaLocation="http://www.springframework.org/schema/beans http://www.springframework.org/schema/beans/spring-beans.xsd
		http://www.springframework.org/schema/context http://www.springframework.org/schema/context/spring-context-4.0.xsd
		http://www.springframework.org/schema/mvc http://www.springframework.org/schema/mvc/spring-mvc-4.0.xsd">

	<context:component-scan base-package="com"></context:component-scan>	
	<mvc:annotation-driven/>
	<bean id="viewResolver" class="org.springframework.web.servlet.view.InternalResourceViewResolver">
		<property name="prefix">
			<value>/WEB-INF/pages/</value>
		</property>
		<property name="suffix">
			<value>.jsp</value>
		</property>
	</bean>
	<!-- This bean connects to the database using datasource values -->
	<bean id="ds" class="org.springframework.jdbc.datasource.DriverManagerDataSource">
			<property name="driverClassName" value="com.mysql.cj.jdbc.Driver"></property>
			<property name="url" value="jdbc:mysql://localhost:3306/legato_db"></property>
			<property name="username" value="root"></property>
			<property name="password" value="root"></property>
	</bean>
	<!-- JdbcTemplate takes care of using connection object & closing the resources -->
	<bean id="jdbcTemplate" class="org.springframework.jdbc.core.JdbcTemplate">
		<property name="dataSource" ref="ds"></property>
	</bean>
</beans>
